{
  "fecha_generacion": "2026-01-13T17:08:09.946369",
  "dataset": {
    "total_muestras": 100,
    "total_features": 32
  },
  "problema_1_categoria": {
    "clases": [
      "Auditiva",
      "Enfermedad Rara",
      "Física",
      "Intelectual",
      "Múltiple",
      "Neurodegenerativa",
      "Psicosocial",
      "TEA",
      "Visual"
    ],
    "mejor_modelo": "K-Nearest Neighbors",
    "metricas_mejor": {
      "accuracy": 0.7,
      "f1_score": 0.6465800865800866,
      "precision": 0.625,
      "recall": 0.7,
      "cv_f1_mean": 0.44684141838553604,
      "cv_f1_std": 0.06105901451489684
    },
    "todos_los_modelos": {
      "Logistic Regression": {
        "f1_score": 0.47424242424242424,
        "accuracy": 0.55
      },
      "Random Forest": {
        "f1_score": 0.5719047619047618,
        "accuracy": 0.65
      },
      "Gradient Boosting": {
        "f1_score": 0.4904761904761905,
        "accuracy": 0.5
      },
      "SVM (RBF)": {
        "f1_score": 0.4395833333333333,
        "accuracy": 0.55
      },
      "K-Nearest Neighbors": {
        "f1_score": 0.6465800865800866,
        "accuracy": 0.7
      },
      "Decision Tree": {
        "f1_score": 0.32055555555555554,
        "accuracy": 0.35
      },
      "Neural Network (MLP)": {
        "f1_score": 0.5656060606060606,
        "accuracy": 0.65
      }
    }
  },
  "problema_2_apoyo": {
    "clases": [
      "Intermitente",
      "Limitado",
      "Mínimo"
    ],
    "mejor_modelo": "Logistic Regression",
    "metricas_mejor": {
      "accuracy": 0.9,
      "f1_score": 0.8526315789473683,
      "precision": 0.8099999999999999,
      "recall": 0.9,
      "cv_f1_mean": 0.888961038961039,
      "cv_f1_std": 0.0
    }
  }
}